INSERT INTO master_transactions (TRANS_NUMBER,SUBSCRIBER_NO,SOC,ACTION_CODE,NEW_SOC,ENTER_TIME,REQUEST_TIME,PROCESS_TIME,PROCESS_STATUS,STATUS_DESC,DEALER_CODE,SALES_AGENT,PRIORITY,REQUEST_ID,MEMO_TEXT,WAIVE_ACT_FEE,STREAM)
values (1648,'GSM04745264071','MCTBFREE','ADD',null,null,null,null,'WAITING',null,'NENI','A',1,'Test-TB-CONV',null,null,'1');

INSERT INTO MASTER_TRAN_FEATURES (TRANS_NUMBER,FEATURE_CODE) values (1648,'M-VPT2');
INSERT INTO MASTER_TRAN_FEATURES (TRANS_NUMBER,FEATURE_CODE) values (1648,'CUG');


INSERT INTO MASTER_TRAN_FEATURE_PARMS (TRANS_NUMBER,FEATURE_CODE,PARAMETER_CODE,VALUE) values (1648,'M-VPT2','VPN','10284');
INSERT INTO MASTER_TRAN_FEATURE_PARMS (TRANS_NUMBER,FEATURE_CODE,PARAMETER_CODE,VALUE) values (1648,'CUG',' CUG','AGULV');
INSERT INTO master_transactions (TRANS_NUMBER,SUBSCRIBER_NO,SOC,ACTION_CODE,NEW_SOC,ENTER_TIME,REQUEST_TIME,PROCESS_TIME,PROCESS_STATUS,STATUS_DESC,DEALER_CODE,SALES_AGENT,PRIORITY,REQUEST_ID,MEMO_TEXT,WAIVE_ACT_FEE,STREAM)
values (1649,'GSM04745265591','MCTBFREE','ADD',null,null,null,null,'WAITING',null,'NENI','A',1,'Test-TB-CONV',null,null,'1');

INSERT INTO MASTER_TRAN_FEATURES (TRANS_NUMBER,FEATURE_CODE) values (1649,'M-VPT2');
INSERT INTO MASTER_TRAN_FEATURES (TRANS_NUMBER,FEATURE_CODE) values (1649,'CUG');


INSERT INTO MASTER_TRAN_FEATURE_PARMS (TRANS_NUMBER,FEATURE_CODE,PARAMETER_CODE,VALUE) values (1649,'M-VPT2','VPN','10284');
INSERT INTO MASTER_TRAN_FEATURE_PARMS (TRANS_NUMBER,FEATURE_CODE,PARAMETER_CODE,VALUE) values (1649,'CUG',' CUG','AGULV');
INSERT INTO master_transactions (TRANS_NUMBER,SUBSCRIBER_NO,SOC,ACTION_CODE,NEW_SOC,ENTER_TIME,REQUEST_TIME,PROCESS_TIME,PROCESS_STATUS,STATUS_DESC,DEALER_CODE,SALES_AGENT,PRIORITY,REQUEST_ID,MEMO_TEXT,WAIVE_ACT_FEE,STREAM)
values (1650,'GSM04745267085','MCTBFREE','ADD',null,null,null,null,'WAITING',null,'NENI','A',1,'Test-TB-CONV',null,null,'1');

INSERT INTO MASTER_TRAN_FEATURES (TRANS_NUMBER,FEATURE_CODE) values (1650,'M-VPT2');
INSERT INTO MASTER_TRAN_FEATURES (TRANS_NUMBER,FEATURE_CODE) values (1650,'CUG');


INSERT INTO MASTER_TRAN_FEATURE_PARMS (TRANS_NUMBER,FEATURE_CODE,PARAMETER_CODE,VALUE) values (1650,'M-VPT2','VPN','10284');
INSERT INTO MASTER_TRAN_FEATURE_PARMS (TRANS_NUMBER,FEATURE_CODE,PARAMETER_CODE,VALUE) values (1650,'CUG',' CUG','AGULV');
INSERT INTO master_transactions (TRANS_NUMBER,SUBSCRIBER_NO,SOC,ACTION_CODE,NEW_SOC,ENTER_TIME,REQUEST_TIME,PROCESS_TIME,PROCESS_STATUS,STATUS_DESC,DEALER_CODE,SALES_AGENT,PRIORITY,REQUEST_ID,MEMO_TEXT,WAIVE_ACT_FEE,STREAM)
values (1651,'GSM04745287940','MCTBFREE','ADD',null,null,null,null,'WAITING',null,'NENI','A',1,'Test-TB-CONV',null,null,'1');

INSERT INTO MASTER_TRAN_FEATURES (TRANS_NUMBER,FEATURE_CODE) values (1651,'M-VPT2');
INSERT INTO MASTER_TRAN_FEATURES (TRANS_NUMBER,FEATURE_CODE) values (1651,'CUG');


INSERT INTO MASTER_TRAN_FEATURE_PARMS (TRANS_NUMBER,FEATURE_CODE,PARAMETER_CODE,VALUE) values (1651,'M-VPT2','VPN','10284');
INSERT INTO MASTER_TRAN_FEATURE_PARMS (TRANS_NUMBER,FEATURE_CODE,PARAMETER_CODE,VALUE) values (1651,'CUG',' CUG','AGULV');
INSERT INTO master_transactions (TRANS_NUMBER,SUBSCRIBER_NO,SOC,ACTION_CODE,NEW_SOC,ENTER_TIME,REQUEST_TIME,PROCESS_TIME,PROCESS_STATUS,STATUS_DESC,DEALER_CODE,SALES_AGENT,PRIORITY,REQUEST_ID,MEMO_TEXT,WAIVE_ACT_FEE,STREAM)
values (1652,'GSM04745281976','MCTBFREE','ADD',null,null,null,null,'WAITING',null,'NENI','A',1,'Test-TB-CONV',null,null,'1');

INSERT INTO MASTER_TRAN_FEATURES (TRANS_NUMBER,FEATURE_CODE) values (1652,'M-VPT2');
INSERT INTO MASTER_TRAN_FEATURES (TRANS_NUMBER,FEATURE_CODE) values (1652,'CUG');


INSERT INTO MASTER_TRAN_FEATURE_PARMS (TRANS_NUMBER,FEATURE_CODE,PARAMETER_CODE,VALUE) values (1652,'M-VPT2','VPN','10284');
INSERT INTO MASTER_TRAN_FEATURE_PARMS (TRANS_NUMBER,FEATURE_CODE,PARAMETER_CODE,VALUE) values (1652,'CUG',' CUG','AGULV');
